shipping_rule_id,source,brand,shipping_rule_type,dispatch_time,free_shipping_threshold,remote_region_rule,carriers,estimated_delivery_time,abnormal_shipping_handling,standard_answer_template,source_url,raw_text,retrieved_at
ship_b8feaddd166b,Public brand policy page,ColourPop,brand_shipping_policy,"shipping on orders over $35 | Free international shipping on orders over $60 USD | Taxes, discounts and shipping calculated at checkout.",Free U.S. shipping on orders over $35 | Free international shipping on orders over $60 USD,"Free international shipping on orders over $60 USD | Taxes, discounts and shipping calculated at checkout.",,,,"ColourPop 的物流规则需以官方页面为准。根据公开页面，发货/配送信息包括：shipping on orders over $35 | Free international shipping on orders over $60 USD | Taxes, discounts and shipping calculated at checkout.。如果物流长时间未更新、丢件或破损，建议记录订单号并转人工跟进。",https://colourpop.com/policies/shipping-policy,"Shipping policy
Skip to content
Free U.S. shipping on orders over $35
Free international shipping on orders over $60 USD
Menu
Search
search product
popular searches
popular products
Twilight
Shrek
glitter
new
Hyper Shine Glossy Lipstick
Lavender Lemonade
4.8
Rated 4.8 out of 5 stars
178
Reviews
choose shade
Regular price
$10.00
Sale price
free gift
$0.00
Unit price
per
$30.00 value
Hyper Shine Glossy LipStick Trios
Best Nudes
$26.00
Bronze Stix
Laguna Beach
4.9
Rated 4.9 out of 5 stars
299
$122.00 value
Hannah Montana X ColourPop Collection
Full Collection Set
5.0
Rated 5.0 out of 5 stars
add to bag
$110.00
Log in
Cart
0 items
Afghanistan
Albania
Algeria
Andorra
Angola
Anguilla
Argentina
Armenia
Aruba
Australia
Austria
Azerbaijan
Bahamas
Bahrain
Bangladesh
Barbados
Belarus
Belgium
Belize
Benin
Bermuda
Bhutan
Bolivia
Bosnia & Herzegovina
Botswana
Brazil
British Virgin Islands
Brunei
Bulgaria
Burkina Faso
Burundi
Cambodia
Cameroon
Canada
Central African Republic
Chile
China
Colombia
Comoros
Cook Islands
Costa Rica
Croatia
Curaçao
Cyprus
Czechia
Denmark
Dominican Republic
Ecuador
Egypt
El Salvador
Equatorial Guinea
Eritrea
Estonia
Eswatini
Ethiopia
Falkland Islands
Faroe Islands
Fiji
Finland
France
Gabon
Gambia
Georgia
Germany
Ghana
Gibraltar
Greece
Greenland
Guernsey
Guinea
Hong Kong SAR
Hungary
Iceland
India
Indonesia
Ireland
Israel
Italy
Jamaica
Japan
Jersey
Jordan
Kazakhstan
Kenya
Kiribati
Kuwait
Kyrgyzstan
Laos
Latvia
Lebanon
Lesotho
Liberia
Liechtenstein
Lithuania
Luxembourg
Macao SAR
Madagascar
Malawi
Malaysia
Maldives
Mali
Malta
Mauritania
Mexico
Moldova
Mongolia
Montenegro
Montserrat
Morocco
Mozambique
Myanmar (Burma)
Namibia
Nauru
Nepal
Netherlands
New Zealand
Niger
Nigeria
North Macedonia
Norway
Oman
Pakistan
Panama
Papua New Guinea
Paraguay
Peru
Philippines
Pitcairn Islands
Poland
Portugal
Qatar
Romania
Russia
Rwanda
Samoa
San Marino
São Tomé & Príncipe
Saudi Arabia
Senegal
Serbia
Seychelles
Sierra Leone
Singapore
Sint Maarten
Slovakia
Slovenia
South Africa
South Korea
Spain
Sri Lanka
St. Helena
St. Kitts & Nevis
St. Lucia
St. Martin
St. Pierre & Miquelon
St. Vincent & Grenadines
Sweden
Switzerland
Taiwan
Tanzania
Thailand
Togo
Tonga
Tunisia
Turks & Caicos Islands
Tuvalu
Uganda
Ukraine
United Arab Emirates
United Kingdom
United States
Uruguay
Vanuatu
Vatican City
Venezuela
Wallis & Futuna
Western Sahara
Zambia
Zimbabwe
New & Best Sellers
New Arrivals
Best Sellers
Hannah Montana
Jelly Much Eyeshadow Stick
Trending on TikTok
Back In Stock
Top Deals
Shop All
$52.00 value
Pink Dreams Collection
Review
$46.00
Fade Into Hue
Rainbow Powder Palette
1,380
$35.00
Value Sets
Build Your Own Bundle
Eye Sets
Lip Sets
Face Sets
Skincare Sets
ColourPop Deals
Shop All Sets
$34.00 value
Sparkling Peach
Eyeshadow Palette & Jelly Much Set
$30.00
Currently Trending
$140.00 value
Extra Jelly
Jelly Much Eyeshadow Stick Full Collection
189
$120.00
Palettes
9-Pan Palettes
Nude Palettes
Colorful Palettes
Monochromatic Palettes
Collab Palettes
Shop All Palettes
9-Pan Palette
Eyeshadow Palette
66
$14.00
Best of Both Worlds
Pink Dreams
33
Eyes
Eyeliner
Super Shock Shadow
Eyeshadow
Mascara
Brow Makeup
Shop All Eyes
Big Energy
In A Trance
535
Chrome Creme Gel Liner
Power Trip
1,220
$9.00
Lips
Lipstick & Lip Stains
Lip Gloss & Lip Oil
Lip Liner
Lip Care
Shop All Lips
Sunday Brunch
So Juicy Plumping Gloss Balm
Dinner Date
789
Lippie Pencil & Stix Kit
Rock Sensation
$16.00
Face
Primer & Setting Sprays
Blush
Bronzer & Highlighter
Complexion
Shop All Face
Blush Stix
S-Tier
1,508
Liquid Blush
Angel Face
434
Liquid Bronzer
Corral Beach
144
Collabs
The Little Mermaid
Disney Princess
Disney
Pokemon
Tangled
Lilo & Stitch
Toy Story
$112.00 value
ColourPop and The Little Mermaid
31
$99.00
$40.00 value
Princess Pout X ColourPop
Disney Princess Ultra Glossy Lip Full Collection
$36.00
Skincare
Toners & Mists
Serums
Face Cleansers
Moisturizers
Eye Care
Masks
Shop All Skincare
Ego Boost
Brightening Serum Stick
4.7
Rated 4.7 out of 5 stars
251
Rainfall 2% HA Serum
Hydrating Face Serum
245
Reveal 10% AHA Serum
Smoothing Face Serum
116
Body
Brushes & Tools
Face Brushes
Eye & Brow Brushes
Face Sponges
Face Accessories
Skincare Tools
Shop All Brushes & Tools
Angled Blending Face Brush
Liquid & Cream Face Brush
Stone Cold
Makeup Tools & Accessories
628
$39.00
Small Stash Cup
Makeup Case
41
Tapered Blending Brush
Eye Brush
264
$8.00
Sale
Sign up
help
Contact Us
About Us
FAQ
Careers Page
legal
Terms
Privacy
Accessibility Statement
Cookies
EU Withdrawal
Do Not Sell My Personal Information
Exercise My Rights (GDPR)
Giveaway Terms & Conditions
social
TikTok
https://www.instagram.com/colourpopcosmetics/
YouTube
Facebook
Twitter
hey, let's keep in touch!
By entering your email address you will receive promotional updates. Consent is not a condition of purchase.
View Privacy Policy
© 2026,
ColourPop
join the waitlist
To be notified when this item becomes available, please enter your email below.
Email
Subscribe to the newsletter
I agree to receive the colorpop newsletter to be the first to know about new collections, exclusive product launches, events and services available. By subscribing I agree to the colorpop
private policy
register
continue your shopping
Choosing a selection results in a full page refresh.
Cart (
your cart is empty
continue shopping
have a an account?
log in to check out faster.
subtotal
check out
Taxes, discounts and shipping calculated at checkout.
choose your shade
6717522
en
false
13380845
Loading...
Checkmate",2026-06-26T07:54:52+00:00
ship_9919af8efd69,Public brand policy page,Fenty Beauty,brand_shipping_policy,"Below are the free shipping offers on FentyBeauty.com and FentySkin.com. | • FREE Standard Shipping for all contiguous USA merchandise orders for active FentyBeauty.com account holders (please allow 4-8 business days for processing and shipping to receive your order). | • FREE Standard Shipping for all contiguous USA on merchandise orders $35+ for customers without a FentyBeauty.com account. | FREE Standard International Shipping on all merchandise orders $75 USD and over. | Please note if your order contains a hazmat item (e.g., Fenty Eau de Parfum, Liquid Killawatt, etc.), US orders must ship via ground Standard Shipping.",FREE Standard Shipping for all contiguous USA on merchandise orders $35+,FREE Standard International Shipping on all merchandise orders $75 USD and over. | International orders must ship DHL Express. | International shipping rates vary by country and will be determined at checkout. | DHL Express for international orders. | International shipping rates vary by country and will be determined at checkout | International Shipping,USPS | DHL,• FREE Standard Shipping for all contiguous USA merchandise orders for active FentyBeauty.com account holders (please allow 4-8 business days for processing and shipping to receive your order). | Domestic Shipping Costs + Delivery Times | Processing time usually takes 1-2 business days. | Delivery times are based on orders placed between Monday – Friday. | Total Delivery Time (including processing time) | 4-8 business days (up to 21 days for APO/FPO/DPO Military Addresses),"Package is traceable and your shipping confirmation will include tracking information | Delivery will be made by a local carrier | Please allow 48 hours for tracking information to update once you receive a tracking number | International shipments are subject to customs clearance procedures, which can cause delays beyond the original delivery estimates | The email will contain shipment details, your tracking number, and a package tracking link.",Fenty Beauty 的物流规则需以官方页面为准。根据公开页面，发货/配送信息包括：• FREE Standard Shipping for all contiguous USA merchandise orders for active FentyBeauty.com account holders (please allow 4-8 business days for processing and shipping to receive your order). | Domestic Shipping Costs + Delivery Times | Processing time usually takes 1-2 business days. | Delivery times are based on orders placed between Monday – Friday. | Total Delivery Time (including processing time) | 4-8 business days (up to 21 days for APO/FPO/DPO Military Addresses)。如果物流长时间未更新、丢件或破损，建议记录订单号并转人工跟进。,https://fentybeauty.com/policies/shipping-policy,"Free Shipping
Below are the free shipping offers on FentyBeauty.com and FentySkin.com.
DOMESTIC
• FREE Standard Shipping for all contiguous USA merchandise orders for active FentyBeauty.com account holders (please allow 4-8 business days for processing and shipping to receive your order). This benefit does not apply to past orders that were placed prior to having an account.
• FREE Standard Shipping for all contiguous USA on merchandise orders $35+ for customers without a FentyBeauty.com account.
INTERNATIONAL:
FREE Standard International Shipping on all merchandise orders $75 USD and over.
Please note if your order contains a hazmat item (e.g., Fenty Eau de Parfum, Liquid Killawatt, etc.), US orders must ship via ground Standard Shipping. International orders must ship DHL Express. International shipping rates vary by country and will be determined at checkout.
Domestic Shipping Costs + Delivery Times
Orders must be placed by 12pm ET to start processing on the same day. Processing time usually takes 1-2 business days. Delivery times are based on orders placed between Monday – Friday.
Shipping Method
Costs
Total Delivery Time (including processing time)
Standard Shipping
FREE
4-8 business days (up to 21 days for APO/FPO/DPO Military Addresses)
2 Day Shipping
$10.95 USD
3 – 4 business days
1 Day Shipping
$16.95 USD
2 – 3 business days
If your order contains a hazmat item (e.g., Fenty Eau de Parfum, Liquid Killawatt, etc.), it must ship ground Standard Shipping (4-8 days total delivery time).
Orders must be placed by 12pm ET Monday – Friday to start processing on the same day. Processing time usually takes 1-2 business days. Delivery times are based on orders placed between Monday and Friday. FentyBeauty.com and FentySkin.com offer FREE Standard Shipping on all U.S. merchandise. Select items considered hazmat (hazardous materials) are restricted and must be shipped ground with Standard Shipping. All U.S. orders always ship Standard Shipping for free—no promotion code needed.
Hawaii and Alaska
For shipments to Hawaii and Alaska, we offer 2-Day and 1-Day shipping services. We regret that we are unable to ship restricted (hazmat) items to Hawaii or Alaska. Any shipping-related benefits do not apply to these states.
P.O. Box
If you are shipping to a U.S. P.O. Box, packages will be sent via USPS. Any shipping-related benefits do not apply to orders shipped to a P.O. Box
Cancellation Policy
Once an order has been placed, it cannot be modified or canceled. Please review your order carefully before completing your purchase to ensure all shipping information, items, and quantities are correct.
Hazmat Product Shipping
If your order contains a hazmat item (e.g., Fenty Eau de Parfum, Liquid Killawatt, etc.), it must ship ground Standard Shipping (4-8 days total delivery time including processing time) for domestic and ship
DHL Express for international orders. International shipping rates vary by country and will be determined at checkout
. All Fenty Eau de Parfum and Liquid Killawatt products can only ship via ground Standard Shipping to the 48 contiguous states in the U.S. We cannot ship to Alaska, Hawaii, P.O. boxes, and APO/FPO military address locations at this time.
International Shipping
We offer Express and Standard shipping services for international orders. Where available, you will be able to select your preferred shipping method at checkout. Applicable import duties, taxes and fees are calculated in your selected currency at checkout.
For International orders less than $75 USD, shipping rates vary by country and will be determined at checkout.
All orders ship Monday through Friday, excluding federal holidays within the United States.
FentyBeauty.com + FentySkin.com currently accept orders shipping to the following Countries/Regions:
Albania
Gambia
Nigeria
Algeria
Georgia
Niue
Andorra
Germany
North Macedonia
Angola
Ghana
Northern Mariana Islands
Anguilla
Gibraltar
Norway
Antigua and Barbuda
Greece
Oman
Argentina
Greenland
Pakistan
Armenia
Grenada
Panama
Aruba
Guadeloupe
Papua New Guinea
Australia
Guatemala
Paraguay
Austria
Guernsey
Peru
Azerbaijan
Guinea
Philippines
Bahamas
Guinea-Bissau
Poland
Bahrain
Guyana
Portugal
Bangladesh
Haiti
Qatar
Barbados
Honduras
Reunion
Belgium
Hong Kong SAR
Romania
Belize
Hungary
Rwanda
Benin
Iceland
Saint Kitts and Nevis
Bermuda
India
Saint Lucia
Bhutan
Indonesia
Saint Vincent & the Grenadines
Bolivia
Ireland (Republic of)
Samoa
Bonaire, Saint Eustatius and Saba
Isle of Man
San Marino
Bosnia and Herzegovina
Israel
Sao Tome and Principe
Botswana
Italy
Saudi Arabia
Brazil
Jamaica
Senegal
British Virgin Islands
Japan
Serbia
Brunei Darussalam
Jersey
Seychelles
Bulgaria
Jordan
Sierra Leone
Burkina Faso
Kenya
Singapore
Cambodia
Kiribati
Slovak Republic
Cameroon
Korea (South)
Slovenia
Canada
Kuwait
Solomon Islands
Cape Verde
Kyrgyzstan
South Africa
Cayman Islands
Laos
Spain
Chad
Latvia
Sri Lanka
Chile
Lebanon
St. Barthelemy
Colombia
Lesotho
St. Martin
Comoros
Liechtenstein
Suriname
Cook Islands
Lithuania
Swaziland
Costa Rica
Luxembourg
Sweden
Cote d'Ivoire
Macau SAR
Switzerland
Croatia
Madagascar
Taiwan
Curacao
Malawi
Tanzania
Cyprus
Malaysia
Thailand
Czech Republic
Maldives
Togo
Denmark
Malta
Tonga
Djibouti
Martinique
Trinidad and Tobago
Dominica
Mauritania
Tunisia
Dominican Republic
Mauritius
Turkey
East Timor
Mexico
Turks and Caicos Islands
Ecuador
Moldova
Tuvalu
Egypt
Monaco
Uganda
El Salvador
Mongolia
United Arab Emirates
Equatorial Guinea
Montenegro
United Kingdom
Estonia
Montserrat
Uruguay
Ethiopia
Morocco
Uzbekistan
Falkland Islands
Mozambique
Vanuatu
Faroe Islands
Namibia
Vatican City State (Holy See)
Fiji
Nauru
Venezuela
Finland
Nepal
Vietnam
France
Netherlands
Zambia
French Guiana
New Caledonia
Zimbabwe
French Polynesia
New Zealand
Gabon
Nicaragua
Standard (Duty + Tax Prepaid)
Delivery is approximately 4-9 business days after the time of shipment
Pre-paid duties and taxes at checkout (DDP), no additional charges upon delivery
Package is traceable and your shipping confirmation will include tracking information
Package can be tracked
here
Delivery will be made by a local carrier
Standard (Duty + Tax Unpaid)
Delivery is approximately 5-10 business days after the time of shipment
Duties and taxes are unpaid, customer is responsible for duties, taxes & fees upon delivery
Express (Duty + Tax Pre-Paid)
Delivery is approximately 2-6 business days after the time of shipment
Delivery will be made by DHL Express
Express (Duty + Tax Unpaid)
Please Note
Orders are usually packed and ready to ship 1-2 business days after the order is placed
A “business day” is considered to be Monday through Friday, excluding United States holidays
Please allow 48 hours for tracking information to update once you receive a tracking number
International shipments are subject to customs clearance procedures, which can cause delays beyond the original delivery estimates
All prices listed on this page are quoted in USD. All prices at checkout and while shopping are displayed in your selected local currency
Duties and taxes vary by country/region and will be determined during checkout
Shipping, duties, taxes, and applicable fees are nonrefundable for undeliverable or refused shipments
International orders cannot be shipped to a APO/FPO or P.O. Box addresses
All Fenty Eau de Parfum full-size 75ml products and Liquid Killawatt are considered hazmat and must be shipped internationally via DHL Express.
International shipping rates vary by country and will be determined at checkout.
International order totals cannot exceed $500
If you have additional questions, please visit our international help center
Duties + Taxes Refund
Unfortunately, we cannot refund your original shipping, duties, taxes, and fees. Refunds will be issued for the product price. If you are returning a purchase and were charged for duties and taxes at checkout, you may be eligible for a refund of all or a portion of the duties and taxes. Please contact your local customs office for information.
APO/FPO/DPO Military Addresses
All shipments to APO, FPO, and DPO addresses are sent via USPS. Due to military handling time, delivery to some destinations may take up to 21 days.
Multiple Shipping Addresses
At this time, we can only ship to one address per order. To ship to multiple addresses within the United States, please call Fenty Beauty + Fenty Skin Customer Service for assistance at
1.855.440.7474
. For international orders, please visit our international help center
Business Days + Holidays
All orders ship Monday through Friday, excluding federal holidays within the United States. Orders must be placed by 12pm EST to be processed on the same business day, otherwise it will be processed the next day.
Packages do not ship from our fulfilment center on the following holidays:
New Year's Day
Memorial Day
4th of July
Labor Day
Thanksgiving Day
Christmas Day
Tracking Orders
When your order is ready to be shipped, you will receive a shipment confirmation email. The majority of our orders are shipped within 1-2 business days after the order has been placed. The email will contain shipment details, your tracking number, and a package tracking link. To track an order on FentyBeauty.com, sign in to access My Account that will contain your order information. You can also contact Fenty Beauty + Fenty Skin Customer Service to track your order.
For more information or questions about domestic orders, please contact Fenty Beauty + Fenty Skin Customer Service via
email
(customerservice@fentybeauty.com)
or via phone at
. Operating hours are from 7am – 2am EST, 7 days a week, excluding holidays. For international orders, please visit our international help center",2026-06-26T07:54:52+00:00
ship_ce7aec7fcf89,Public brand policy page,Glossier,brand_shipping_policy,"Shipping policy – Glossier | Score free shipping on qualifying orders! | For more information on shipping rates and timelines, please visit our | Free standard shipping on orders $40+ | Free standard shipping on orders $60 CAD+.",Free standard shipping on orders $40+ | Free standard shipping on orders $60 CAD | Free standard shipping on orders $110 AUD | Free standard shipping on orders 65 | Free express shipping on orders R$670 or more,Change shipping country,,,,"Glossier 的物流规则需以官方页面为准。根据公开页面，发货/配送信息包括：Shipping policy – Glossier | Score free shipping on qualifying orders! | For more information on shipping rates and timelines, please visit our | Free standard shipping on orders $40+ | Free standard shipping on orders $60 CAD+.。如果物流长时间未更新、丢件或破损，建议记录订单号并转人工跟进。",https://www.glossier.com/policies/shipping-policy,"Shipping policy – Glossier
Skip To Main
Score free shipping on qualifying orders! For more information on shipping rates and timelines, please visit our
international page
Free standard shipping on orders $40+
Free standard shipping on orders $60 CAD+. For more information on shipping rates and timelines, please visit our
Livraison gratuite $60 CAD+. For more information on shipping rates and timelines, please visit our
Free standard shipping on orders $110 AUD or more. For more information on shipping rates and timelines, please visit our
Free standard shipping on orders 65€ or more. For more information on shipping rates and timelines, please visit our
Free express shipping on orders R$670 or more. For more information on shipping rates and timelines, please visit our
Free express shipping on orders ¥990 or more. For more information on shipping rates and timelines, please visit our
Free standard shipping on orders 480kr or more. For more information on shipping rates and timelines, please visit our
Livraison gratuite 65€ +. Score free shipping on qualifying orders! For more information on shipping rates and timelines, please visit our
Free express shipping on orders ₹11,230 or more. For more information on shipping rates and timelines, please visit our
Free express shipping on orders ₪515 or more. For more information on shipping rates and timelines, please visit our
Free express shipping on orders ₩180,035 or more. For more information on shipping rates and timelines, please visit our
Free standard shipping on orders MX$1,320. For more information on shipping rates and timelines, please visit our
Free express shipping on orders 900kr or more. For more information on shipping rates and timelines, please visit our
Free standard shipping on orders $120 NZD or more. For more information on shipping rates and timelines, please visit our
Ride the wave of our new creamy and sensual solar fragrance,
Glossier You Soie
☀️
Previous Slide
Next Slide
Play Slideshow
Pause Slideshow
Glossier
You look good.
Skincare
Makeup
Balms
Body
Fragrance
Glossier Goods
Sets
Shop All
US
Menu
Stores
Log in
Bag
(0)
Toggle Bag
Close menu
Bestsellers
Digital Gift Card
New
The Pink Capsule Collection
Open submenu
Cleansers
Treatments
Sunscreen
Moisturizers
Save with sets
Custom Skincare Sets
All Skincare
Face
Brow
Eye
Cheek
Tools
Lip
Makeup removers
All Makeup
Balm Dotcom
Balm Dotcom Trio
All Balms
Body Spritz
Daily Perfecting Lotion
Daily Oil Wash
Deodorant
All Body
Glossier You
Glossier You Fleur
Glossier You Rêve
Glossier You Doux
Crème de You
All Fragrance
All sets
Fragrance Sets
Makeup Sets
Skincare Sets
Body Sets
Country
( United States / USD )
Create a Custom Skincare Set to meet your skin goals
Spring forward with Futuredew
Swoon Over Body Care
Share your Glossier You story
New! Glossier You Soie
Create a skincare set
Looking for the perfect chilly flush? Reach for Cloud Paint Plush Blush
Search our site
Search
Clear
Shipping policy
At Glossier, we make products inspired by real life, embracing the ethos of Skin First. Makeup Second™. We believe beauty is about having fun, celebrating freedom, and being present. No matter where you are in your beauty journey, you look good.
How can we help?
Contact
Returns & exchanges
Help & FAQ
Student Discount
International
Responsible disclosure
Authorized retailers
About Glossier
About Us
Careers
Into The Gloss
Glossier Events
Glossier for Good
G Membership
Find your store
Opens in a new tab
Social
Instagram
Pinterest
Facebook
Youtube
TikTok
After Baume
Body Hero Exfoliating Bar
Body Hero Dry-Touch Oil Mist
Boy Brow
Boy Brow Arch
Brow Flick
Cloud Paint
Cloud Paint Plush Blush
Cloud Paint Cheek Brush
Deodorant Refill Stick
Duffle Bag
Eyeshadow Brush
Field Greens Blanket
Full Orbit
Futuredew
Futuredew Solid
G Suit
Generation G
Glossier Candles
Glossier Sweatshirt
Glossier You Solid
Glossier You Solid Refill
Glossier Utility Bag
Haloscope
Hand Cream
Invisible Shield SPF50
Lip Glaze
Lash Slick
Lip Line
Lidstar
Lip Gloss
Milky Jelly Cleanser
Milky Jelly Cleansing Balm
Milky Jelly Cleansing Bar
Milky Oil
Mini Beauty Bag
Monochromes
Monochromes Refill
No. 1 Pencil
Perfecting Skin Tint
Priming Moisturizer
Priming Moisturizer Balance
Priming Moisturizer Rich
Pro Tip
Skylight
Solution
Stretch Fluid Foundation
Stretch Balm Concealer
Stretch Face Brush
Super Bounce
Super Glow
Super Pure
Terrazzo Hoodie
The Beauty Bag
The Original Pink Hoodie
Three Eyed Smiley Mug
Ultralip
Universal Pro-Retinol
Water Bottle
Wowder
Wowder Brush
Index
© 2026 Glossier. All rights reserved.
Privacy Policy
US State Privacy Notice
Terms of Use
Accessibility
Supply Chain Transparency
Your Privacy Choices
Close cart drawer
Shopping Bag
Congrats! You get free standard shipping
away from free standard shipping
Subtotal
$0.00
Savings
-$0.00
Tax calculated in checkout
Shipping
(Free standard shipping over {{threshold_with_currency}})
Shipping and promotions calculated in checkout.
Sales tax amount shown in checkout is a best estimate and may differ from amount actually charged and shown on Order Confirmation email.
Your bag is empty,
but you still look good.
Estimated total
Checkout
By checking out, you agree to our
and
Edit item
Close
Location settings
Your location is set to United States
Country selector
Albania / ALL
Andorra / EUR
Angola / AOA
Anguilla / XCD
Antigua & Barbuda / XCD
Armenia / AMD
Aruba / AWG
Australia / AUD
Austria / EUR
Azerbaijan / AZN
Bahamas / BSD
Bahrain / USD
Bangladesh / BDT
Barbados / BBD
Belgium / EUR
Belize / BZD
Benin / XOF
Bermuda / USD
Bhutan / USD
Bolivia / BOB
Bosnia & Herzegovina / BAM
Botswana / BWP
Brazil / BRL
British Virgin Islands / USD
Brunei / BND
Bulgaria / EUR
Burkina Faso / XOF
Burundi / BIF
Cambodia / KHR
Cameroon / XAF
Canada (fr) / CAD
Canada (en) / CAD
Cape Verde / CVE
Cayman Islands / KYD
Chad / XAF
China / CNY
Colombia / COP
Comoros / KMF
Congo - Brazzaville / XAF
Cook Islands / NZD
Costa Rica / CRC
Côte d’Ivoire / XOF
Croatia / EUR
Curaçao / USD
Cyprus / EUR
Czechia / CZK
Denmark / DKK
Djibouti / DJF
Dominica / XCD
Dominican Republic / DOP
Ecuador / USD
Egypt / EGP
El Salvador / USD
Equatorial Guinea / XAF
Estonia / EUR
Eswatini / SZL
Falkland Islands / FKP
Faroe Islands / DKK
Fiji / FJD
Finland / EUR
France / EUR
French Guiana / EUR
French Polynesia / XPF
Gabon / USD
Gambia / GMD
Georgia / GEL
Germany / EUR
Ghana / USD
Gibraltar / GBP
Greece / EUR
Greenland / DKK
Grenada / XCD
Guadeloupe / EUR
Guatemala / GTQ
Guernsey / GBP
Guinea / GNF
Guinea-Bissau / XOF
Guyana / GYD
Haiti / HTG
Honduras / HNL
Hong Kong SAR / HKD
Hungary / HUF
Iceland / ISK
India / INR
Ireland / EUR
Isle of Man / GBP
Israel / ILS
Italy / EUR
Jamaica / JMD
Japan / JPY
Jersey / GBP
Jordan / USD
Kazakhstan / KZT
Kenya / KES
Kiribati / USD
Kuwait / USD
Kyrgyzstan / KGS
Laos / LAK
Latvia / EUR
Lesotho / LSL
Liberia / LRD
Liechtenstein / CHF
Lithuania / EUR
Luxembourg / EUR
Macao SAR / MOP
Madagascar / USD
Malawi / MWK
Maldives / MVR
Malta / EUR
Martinique / EUR
Mauritania / USD
Mauritius / MUR
Mayotte / EUR
Mexico / MXN
Moldova / MDL
Monaco / EUR
Mongolia / MNT
Montenegro / EUR
Montserrat / XCD
Morocco / MAD
Mozambique / MZN
Namibia / NAD
Nauru / AUD
Nepal / NPR
Netherlands / EUR
New Caledonia / XPF
New Zealand / NZD
Nigeria / NGN
Niue / NZD
North Macedonia / MKD
Norway / NOK
Oman / USD
Pakistan / PKR
Panama / USD
Papua New Guinea / PGK
Paraguay / PYG
Philippines / PHP
Poland / PLN
Portugal / EUR
Qatar / QAR
Réunion / EUR
Romania / RON
Rwanda / RWF
Samoa / WST
San Marino / EUR
São Tomé & Príncipe / STD
Saudi Arabia / SAR
Senegal / XOF
Serbia / RSD
Seychelles / SCR
Sierra Leone / SLL
Singapore / SGD
Sint Maarten / USD
Slovakia / EUR
Slovenia / EUR
Solomon Islands / SBD
South Africa / ZAR
South Korea / KRW
Spain / EUR
Sri Lanka / LKR
St. Barthélemy / EUR
St. Helena / SHP
St. Kitts & Nevis / XCD
St. Lucia / XCD
St. Martin / EUR
St. Vincent & Grenadines / XCD
Suriname / SRD
Sweden / SEK
Switzerland / CHF
Taiwan / TWD
Tanzania / TZS
Thailand / THB
Timor-Leste / USD
Togo / XOF
Tonga / TOP
Trinidad & Tobago / TTD
Tunisia / USD
Turkmenistan / USD
Turks & Caicos Islands / USD
Tuvalu / AUD
Uganda / UGX
United Arab Emirates / AED
United Kingdom / GBP
United States / USD
Uzbekistan / UZS
Vanuatu / VUV
Vatican City / EUR
Wallis & Futuna / XPF
Zambia / ZMW
Save
Get notified
Close (esc)
Enter your email to be notified first when this item is available again.
Enter your email to be notified first when this item becomes available.
You're on the list!
Email
(Required)
Notify me
Please enter a valid email address.
Receive email updates from Glossier. You can unsubscribe anytime. Our
Welcome to Glossier
You're shopping in United States
Easy, 30-day returns.
Continue shopping
Change shipping country",2026-06-26T07:54:52+00:00
